{
  "sittingpose": {
    "left_elbow_angle": {
      "mean": 146.9459423943662,
      "std": 31.111952889469563,
      "min": 113.052421,
      "max": 174.495293
    },
    "right_elbow_angle": {
      "mean": 146.16754273544032,
      "std": 29.404195329459764,
      "min": 112.787096,
      "max": 175.031696
    },
    "left_shoulder_angle": {
      "mean": 24.110309130985915,
      "std": 15.778708249567842,
      "min": 10.1966587,
      "max": 38.3751516
    },
    "right_shoulder_angle": {
      "mean": 24.499260893254647,
      "std": 18.51873340625336,
      "min": 12.0568544,
      "max": 37.1772296
    },
    "left_hip_angle": {
      "mean": 103.99415907900595,
      "std": 40.69838170134438,
      "min": 48.8204312,
      "max": 163.570944
    },
    "right_hip_angle": {
      "mean": 103.26494801197823,
      "std": 38.095172517300284,
      "min": 49.6841212,
      "max": 157.55276999999998
    },
    "left_knee_angle": {
      "mean": 95.16584773451157,
      "std": 47.76615220291638,
      "min": 34.372503200000004,
      "max": 167.91005
    },
    "right_knee_angle": {
      "mean": 87.54599665373347,
      "std": 45.64548374247888,
      "min": 34.836625600000005,
      "max": 158.554402
    },
    "torso_inclination": {
      "mean": 106.80475195526726,
      "std": 42.547238085795584,
      "min": 52.9281188,
      "max": 169.01037200000002
    }
  }
}