{
  "sittingpose": {
    "left_elbow_angle": {
      "mean": 146.9459423943662,
      "std": 31.111952889469563,
      "min": 113.052421,
      "max": 174.495293
    },
    "right_elbow_angle": {
      "mean": 146.16754273544032,
      "std": 29.404195329459764,
      "min": 112.787096,
      "max": 175.031696
    },
    "left_shoulder_angle": {
      "mean": 24.110309130985915,
      "std": 15.778708249567842,
      "min": 10.1966587,
      "max": 38.3751516
    },
    "right_shoulder_angle": {
      "mean": 24.499260893254647,
      "std": 18.51873340625336,
      "min": 12.0568544,
      "max": 37.1772296
    },
    "left_hip_angle": {
      "mean": 103.99415907900595,
      "std": 40.69838170134438,
      "min": 48.8204312,
      "max": 163.570944
    },
    "right_hip_angle": {
      "mean": 103.26494801197823,
      "std": 38.095172517300284,
      "min": 49.6841212,
      "max": 157.55276999999998
    },
    "left_knee_angle": {
      "mean": 95.16584773451157,
      "std": 47.76615220291638,
      "min": 34.372503200000004,
      "max": 167.91005
    },
    "right_knee_angle": {
      "mean": 87.54599665373347,
      "std": 45.64548374247888,
      "min": 34.836625600000005,
      "max": 158.554402
    },
    "torso_inclination": {
      "mean": 106.80475195526726,
      "std": 42.547238085795584,
      "min": 52.9281188,
      "max": 169.01037200000002
    }
  },
  "toe": {
    "left_elbow_angle": {
      "mean": 156.94633742424244,
      "std": 21.532448853577204,
      "min": 130.232492,
      "max": 176.49469200000001
    },
    "right_elbow_angle": {
      "mean": 160.00119851515151,
      "std": 22.012415500948983,
      "min": 142.354032,
      "max": 177.099046
    },
    "left_shoulder_angle": {
      "mean": 89.8284166,
      "std": 29.242755042738924,
      "min": 58.44418760000001,
      "max": 116.632025
    },
    "right_shoulder_angle": {
      "mean": 92.27511766666667,
      "std": 19.67582091604983,
      "min": 70.51004200000001,
      "max": 109.42995
    },
    "left_hip_angle": {
      "mean": 170.85169212121212,
      "std": 5.359441314354009,
      "min": 165.18596,
      "max": 176.07216
    },
    "right_hip_angle": {
      "mean": 170.6657981818182,
      "std": 7.799190275158701,
      "min": 159.479814,
      "max": 178.55433000000002
    },
    "left_knee_angle": {
      "mean": 168.15258484848485,
      "std": 9.156965418902185,
      "min": 157.439142,
      "max": 177.75364
    },
    "right_knee_angle": {
      "mean": 166.87066393939395,
      "std": 9.812741427031256,
      "min": 154.514166,
      "max": 177.475542
    },
    "torso_inclination": {
      "mean": 169.3449009090909,
      "std": 8.839629223839639,
      "min": 157.750012,
      "max": 176.85162
    }
  },
  "tree": {
    "left_elbow_angle": {
      "mean": 50.995595969090914,
      "std": 26.0683235970983,
      "min": 27.5621982,
      "max": 85.46650960000001
    },
    "right_elbow_angle": {
      "mean": 57.257330254545465,
      "std": 20.39262628376952,
      "min": 29.183989800000003,
      "max": 86.95193400000001
    },
    "left_shoulder_angle": {
      "mean": 24.61239634690909,
      "std": 14.492766789417558,
      "min": 3.7296814200000004,
      "max": 41.838089800000006
    },
    "right_shoulder_angle": {
      "mean": 15.450987090545455,
      "std": 10.132649460983552,
      "min": 2.8745380800000007,
      "max": 28.2851596
    },
    "left_hip_angle": {
      "mean": 163.63347145454546,
      "std": 13.323396530681508,
      "min": 142.244624,
      "max": 177.070624
    },
    "right_hip_angle": {
      "mean": 157.4995542909091,
      "std": 15.190343611721662,
      "min": 136.884326,
      "max": 175.059986
    },
    "left_knee_angle": {
      "mean": 150.97196861818182,
      "std": 19.886433372641996,
      "min": 119.3277744,
      "max": 175.273474
    },
    "right_knee_angle": {
      "mean": 146.3417448363636,
      "std": 20.886890108872937,
      "min": 120.129874,
      "max": 175.819762
    },
    "torso_inclination": {
      "mean": 157.82160599999997,
      "std": 9.698127701812739,
      "min": 147.083896,
      "max": 171.983408
    }
  },
  "wind": {
    "left_elbow_angle": {
      "mean": 116.94957997368422,
      "std": 33.58848918609513,
      "min": 71.3308562,
      "max": 161.45443100000003
    },
    "right_elbow_angle": {
      "mean": 110.3963060263158,
      "std": 40.89703709330111,
      "min": 58.8124121,
      "max": 170.8955
    },
    "left_shoulder_angle": {
      "mean": 23.00608835973684,
      "std": 21.66633230420361,
      "min": 2.50653861,
      "max": 50.07507170000001
    },
    "right_shoulder_angle": {
      "mean": 25.739424584210525,
      "std": 22.471969405661266,
      "min": 5.1202283,
      "max": 63.443809200000004
    },
    "left_hip_angle": {
      "mean": 115.44327442105262,
      "std": 34.34937754278789,
      "min": 68.28623499999999,
      "max": 160.25442600000002
    },
    "right_hip_angle": {
      "mean": 115.96123523684209,
      "std": 32.083388949223526,
      "min": 65.39739,
      "max": 148.86675400000004
    },
    "left_knee_angle": {
      "mean": 110.28242151842106,
      "std": 51.337812802979464,
      "min": 24.206573900000002,
      "max": 166.899656
    },
    "right_knee_angle": {
      "mean": 114.5368819736842,
      "std": 31.540468437484034,
      "min": 79.91152,
      "max": 161.11376200000007
    },
    "torso_inclination": {
      "mean": 97.24641342105265,
      "std": 32.325412529693246,
      "min": 57.1613121,
      "max": 140.62387000000007
    }
  }
}